City_ID,City,Lat,Lng,Max Temp,Humidity,Cloudiness,Wind Speed,Country,Date
0,Hami,42.8,93.45,80.53,16,0,8.16,CN,2020-06-16 19:31:00
1,Touros,-5.2,-35.46,77.0,94,40,4.7,BR,2020-06-16 19:26:40
2,Batemans Bay,-35.72,150.18,42.01,100,3,6.11,AU,2020-06-16 19:31:37
3,Barrow,71.29,-156.79,39.2,80,1,14.99,US,2020-06-16 19:30:43
4,Sao Filipe,14.9,-24.5,78.35,75,0,8.99,CV,2020-06-16 19:26:33
5,Sorland,67.67,12.69,53.6,62,5,12.75,NO,2020-06-16 19:30:37
6,Kaeo,-35.1,173.78,54.0,3,16,5.7,NZ,2020-06-16 19:35:04
7,Castro,-24.79,-50.01,68.29,69,60,4.94,BR,2020-06-16 19:26:32
8,Kathu,7.92,98.33,77.0,100,20,1.12,TH,2020-06-16 19:35:04
9,Xinqing,48.23,129.5,49.69,93,100,7.92,CN,2020-06-16 19:35:04
10,Hermanus,-34.42,19.23,55.0,80,0,7.92,ZA,2020-06-16 19:30:24
11,Aksarka,66.56,67.8,41.72,66,99,12.1,RU,2020-06-16 19:32:11
12,Alofi,-19.06,-169.92,73.4,69,100,16.11,NU,2020-06-16 19:29:49
13,Havre-Saint-Pierre,50.23,-63.6,66.2,48,75,19.46,CA,2020-06-16 19:32:08
14,Bambanglipuro,-7.95,110.28,76.84,89,69,6.31,ID,2020-06-16 19:35:05
15,Punta Arenas,-53.15,-70.92,39.2,86,20,11.41,CL,2020-06-16 19:28:14
16,Nikolskoye,59.7,30.79,68.0,82,96,4.47,RU,2020-06-16 19:30:28
17,Port Hedland,-20.32,118.57,59.0,72,0,3.36,AU,2020-06-16 19:31:25
18,Buin,-33.73,-70.75,57.2,66,75,4.27,CL,2020-06-16 19:31:57
19,Pevek,69.7,170.31,44.96,68,100,2.06,RU,2020-06-16 19:30:35
20,Bahia Honda,22.9,-83.16,82.36,75,52,8.59,CU,2020-06-16 19:35:06
21,Khatanga,71.97,102.5,49.77,62,94,10.65,RU,2020-06-16 19:30:20
22,Kyenjojo,0.63,30.62,60.15,92,31,2.01,UG,2020-06-16 19:35:07
23,Emba,48.83,58.14,63.81,46,0,6.11,KZ,2020-06-16 19:31:44
24,Atuona,-9.8,-139.03,80.47,77,0,19.8,PF,2020-06-16 19:30:33
25,Maldonado,-34.67,-54.92,72.0,77,59,8.01,UY,2020-06-16 19:31:01
26,Hobart,-42.88,147.33,42.8,76,0,12.75,AU,2020-06-16 19:28:03
27,Kruisfontein,-34.0,24.73,51.58,93,0,4.63,ZA,2020-06-16 19:32:12
28,Bambous Virieux,-20.34,57.76,69.8,88,75,14.99,MU,2020-06-16 19:35:08
29,Tuktoyaktuk,69.45,-133.04,59.0,58,75,13.87,CA,2020-06-16 19:30:18
30,Seoul,37.57,126.98,66.2,100,46,2.24,KR,2020-06-16 19:31:33
31,Klaksvik,62.23,-6.59,50.0,93,100,19.46,FO,2020-06-16 19:35:09
32,Tilichiki,60.47,166.1,46.15,74,0,5.91,RU,2020-06-16 19:35:09
33,Tasiilaq,65.61,-37.64,33.8,93,100,14.99,GL,2020-06-16 19:30:20
34,Cabo San Lucas,22.89,-109.91,87.8,45,40,6.93,MX,2020-06-16 19:31:05
35,Beloha,-25.17,45.05,63.77,78,11,13.27,MG,2020-06-16 19:35:10
36,Ndola,-12.96,28.64,54.64,62,34,7.09,ZM,2020-06-16 19:35:10
37,Lavrentiya,65.58,-171.0,49.1,57,0,3.06,RU,2020-06-16 19:31:45
38,Hofn,64.25,-15.21,51.13,66,0,6.29,IS,2020-06-16 19:30:35
39,Lompoc,34.64,-120.46,68.0,56,0,13.87,US,2020-06-16 19:30:45
40,Grindavik,63.84,-22.43,48.2,70,75,8.05,IS,2020-06-16 19:35:10
41,Fairbanks,64.84,-147.72,70.0,64,1,1.92,US,2020-06-16 19:29:16
42,Longyearbyen,78.22,15.64,41.0,65,20,8.05,SJ,2020-06-16 19:30:18
43,Antalya,36.77,30.72,71.6,94,0,3.42,TR,2020-06-16 19:32:39
44,Singaraja,-8.11,115.09,79.02,75,6,3.56,ID,2020-06-16 19:35:11
45,Portland,45.52,-122.68,62.01,77,75,5.82,US,2020-06-16 19:30:12
46,Bilma,18.69,12.92,92.61,11,0,12.35,NE,2020-06-16 19:35:12
47,Ostrovnoy,68.05,39.51,43.75,68,77,12.91,RU,2020-06-16 19:30:51
48,Jamestown,42.1,-79.24,75.99,35,1,3.36,US,2020-06-16 19:28:30
49,Kenai,60.55,-151.26,60.8,41,40,5.82,US,2020-06-16 19:35:12
50,Rawah,34.48,41.91,85.6,15,0,8.88,IQ,2020-06-16 19:35:13
51,Lodja,-3.48,23.43,72.39,55,0,0.63,CD,2020-06-16 19:32:09
52,Cape Town,-33.93,18.42,54.0,87,0,1.12,ZA,2020-06-16 19:29:44
53,Acajutla,13.59,-89.83,89.6,52,20,3.36,SV,2020-06-16 19:35:13
54,Zhigansk,66.77,123.37,56.34,71,62,7.54,RU,2020-06-16 19:31:23
55,Abu Dhabi,24.47,54.37,91.99,63,91,5.82,AE,2020-06-16 19:29:28
56,Mataura,-46.19,168.86,46.99,83,100,4.74,NZ,2020-06-16 19:30:17
57,Saint-Philippe,-21.36,55.77,69.8,73,90,17.22,RE,2020-06-16 19:30:22
58,Hasaki,35.73,140.83,64.4,93,20,6.93,JP,2020-06-16 19:30:46
59,Adrar,20.5,-10.07,103.73,11,0,12.55,MR,2020-06-16 19:31:00
60,Busselton,-33.65,115.33,59.0,53,80,20.31,AU,2020-06-16 19:30:22
61,Albany,42.6,-73.97,82.99,30,0,1.3,US,2020-06-16 19:29:34
62,Dawlatabad,36.41,64.91,83.89,15,0,6.13,AF,2020-06-16 19:35:15
63,Dunedin,-45.87,170.5,59.0,45,100,1.99,NZ,2020-06-16 19:30:06
64,Chuy,-33.7,-53.46,64.15,85,41,6.24,UY,2020-06-16 19:30:28
65,Katsuura,35.13,140.3,69.8,77,20,8.05,JP,2020-06-16 19:32:04
66,Sosnovo-Ozerskoye,52.52,111.54,52.23,91,63,6.2,RU,2020-06-16 19:35:15
67,San Vicente,-26.62,-54.13,71.62,70,37,3.89,AR,2020-06-16 19:35:15
68,Camacha,33.08,-16.33,71.6,83,40,8.05,PT,2020-06-16 19:32:05
69,Talnakh,69.49,88.4,41.0,86,94,11.18,RU,2020-06-16 19:30:55
70,Lujan,-34.57,-59.1,78.01,77,3,1.01,AR,2020-06-16 19:35:16
71,Kaitangata,-46.28,169.85,59.0,45,100,1.01,NZ,2020-06-16 19:30:49
72,Chamalieres,45.78,3.06,60.8,67,84,3.36,FR,2020-06-16 19:35:16
73,Kodiak,57.79,-152.41,51.8,87,90,17.22,US,2020-06-16 19:30:20
74,Ondjiva,-17.07,15.73,60.15,47,0,6.06,AO,2020-06-16 19:35:17
75,Bethel,41.37,-73.41,78.01,43,1,9.17,US,2020-06-16 19:27:04
76,Ushuaia,-54.8,-68.3,37.4,86,75,3.36,AR,2020-06-16 19:30:14
77,Oktyabrskoye,43.06,44.74,68.0,82,96,2.24,RU,2020-06-16 19:35:17
78,Chapais,49.78,-74.85,80.6,26,1,14.99,CA,2020-06-16 19:30:51
79,Souillac,-20.52,57.52,69.8,88,75,14.99,MU,2020-06-16 19:31:52
80,Acarau,-2.89,-40.12,81.5,81,32,11.97,BR,2020-06-16 19:35:18
81,Vaini,-21.2,-175.2,71.6,68,20,12.75,TO,2020-06-16 19:30:37
82,Mahebourg,-20.41,57.7,69.8,88,75,14.99,MU,2020-06-16 19:30:23
83,Rikitea,-23.12,-134.97,75.49,79,59,13.71,PF,2020-06-16 19:30:21
84,Mutoko,-17.4,32.23,49.86,85,46,4.92,ZW,2020-06-16 19:35:18
85,Kurilsk,45.23,147.88,48.54,93,100,15.43,RU,2020-06-16 19:32:13
86,Sakakah,29.97,40.21,84.2,15,0,9.95,SA,2020-06-16 19:35:19
87,Komsomolskiy,40.43,71.72,75.2,33,33,6.93,UZ,2020-06-16 19:35:19
88,Betioky,-23.72,44.38,63.43,74,0,14.54,MG,2020-06-16 19:35:19
89,Te Anau,-45.42,167.72,51.82,82,52,7.14,NZ,2020-06-16 19:35:19
90,Beisfjord,68.38,17.6,53.6,58,0,13.87,NO,2020-06-16 19:32:04
91,Saint Anthony,45.02,-93.22,90.0,40,1,16.11,US,2020-06-16 19:35:20
92,Bredasdorp,-34.53,20.04,51.8,93,0,3.51,ZA,2020-06-16 19:26:41
93,Tual,-5.67,132.75,80.65,82,100,19.08,ID,2020-06-16 19:31:17
94,Flinders,-34.58,150.86,51.8,76,0,8.05,AU,2020-06-16 19:30:57
95,Puerto Ayora,-0.74,-90.35,82.4,54,20,18.34,EC,2020-06-16 19:30:23
96,Beruwala,6.48,79.98,81.1,86,100,6.76,LK,2020-06-16 19:35:20
97,Hede,33.77,120.25,65.39,86,100,15.52,CN,2020-06-16 19:35:21
98,Hambantota,6.12,81.12,80.6,100,100,8.05,LK,2020-06-16 19:35:21
99,The Valley,18.22,-63.06,89.6,58,20,18.34,AI,2020-06-16 19:35:21
100,Ribeira Grande,38.52,-28.7,71.6,53,20,6.93,PT,2020-06-16 19:30:29
101,Coquimbo,-29.95,-71.34,60.8,63,0,6.93,CL,2020-06-16 19:31:40
102,Pitimbu,-7.47,-34.81,78.8,83,75,12.75,BR,2020-06-16 19:35:21
103,Asau,46.43,26.4,57.99,91,100,2.51,RO,2020-06-16 19:31:41
104,Hue,16.47,107.6,80.6,94,40,1.12,VN,2020-06-16 19:35:22
105,Nabire,-3.37,135.48,74.08,82,25,4.38,ID,2020-06-16 19:35:22
106,Adre,13.47,22.2,80.49,41,50,6.17,TD,2020-06-16 19:35:22
107,Yekimovichi,54.11,33.3,64.71,93,22,6.26,RU,2020-06-16 19:35:22
108,Slave Lake,55.28,-114.77,59.0,67,20,13.87,CA,2020-06-16 19:35:23
109,Sulangan,11.14,123.72,82.4,73,3,3.62,PH,2020-06-16 19:32:01
110,Moosburg,48.47,11.93,64.99,77,20,1.12,DE,2020-06-16 19:35:23
111,Broken Hill,-31.95,141.43,46.4,81,75,6.93,AU,2020-06-16 19:35:23
112,Oktyabrskiy,54.48,53.47,57.27,88,7,3.18,RU,2020-06-16 19:35:23
113,New Norfolk,-42.78,147.06,37.99,81,0,1.99,AU,2020-06-16 19:30:59
114,Yellowknife,62.46,-114.35,60.8,55,20,20.8,CA,2020-06-16 19:30:13
115,Port-Gentil,-0.72,8.78,75.2,94,20,9.17,GA,2020-06-16 19:35:24
116,Cherskiy,68.75,161.3,72.81,35,61,7.38,RU,2020-06-16 19:31:39
117,Itoman,26.12,127.67,82.4,88,20,10.29,JP,2020-06-16 19:35:24
118,Northam,51.03,-4.22,60.01,90,92,3.0,GB,2020-06-16 19:35:24
119,Manzhouli,49.6,117.43,60.89,65,14,3.49,CN,2020-06-16 19:35:24
120,Parana,-31.73,-60.52,79.0,63,62,5.99,AR,2020-06-16 19:35:25
121,Buraydah,26.33,43.98,95.0,20,49,6.93,SA,2020-06-16 19:31:48
122,Hamilton,39.18,-84.53,81.0,39,40,10.29,US,2020-06-16 19:27:19
123,Lusambo,-4.97,23.45,70.54,40,0,1.88,CD,2020-06-16 19:35:25
124,Hithadhoo,-0.6,73.08,84.09,77,0,9.08,MV,2020-06-16 19:30:59
125,Bluff,-46.6,168.33,54.36,73,70,14.2,NZ,2020-06-16 19:30:30
126,Camacupa,-12.02,17.48,54.73,52,0,0.87,AO,2020-06-16 19:35:26
127,Severo-Kurilsk,50.68,156.12,41.81,89,100,11.68,RU,2020-06-16 19:30:38
128,Banepa,27.63,85.52,71.6,94,75,3.36,NP,2020-06-16 19:35:26
129,Batagay-Alyta,67.8,130.41,60.42,60,29,4.07,RU,2020-06-16 19:31:22
130,Esperance,-33.87,121.9,51.8,66,0,16.11,AU,2020-06-16 19:31:55
131,Beya,53.05,90.91,46.94,89,1,3.44,RU,2020-06-16 19:35:26
132,Lasa,46.62,10.7,57.2,71,75,2.44,IT,2020-06-16 19:32:13
133,Conde,-7.26,-34.91,78.8,83,75,12.75,BR,2020-06-16 19:33:40
134,Tuatapere,-46.13,167.68,51.19,82,59,4.97,NZ,2020-06-16 19:30:44
135,Udachnyy,66.42,112.4,46.4,70,100,6.71,RU,2020-06-16 19:35:27
136,Cidreira,-30.18,-50.21,64.06,88,0,12.41,BR,2020-06-16 19:31:22
137,Georgetown,5.41,100.34,80.6,94,20,3.36,MY,2020-06-16 19:30:23
138,Carnarvon,-24.87,113.63,59.0,40,0,10.29,AU,2020-06-16 19:31:23
139,Balikpapan,-1.27,116.83,76.68,93,55,4.38,ID,2020-06-16 19:35:28
140,Soyo,-6.13,12.37,73.4,91,10,6.78,AO,2020-06-16 19:35:28
141,Bonavista,48.65,-53.11,59.11,53,50,9.53,CA,2020-06-16 19:35:28
142,Mount Isa,-20.73,139.5,60.8,31,0,11.41,AU,2020-06-16 19:30:41
143,Juliaca,-15.5,-70.13,60.8,23,82,4.7,PE,2020-06-16 19:35:29
144,Honjo,36.23,139.18,63.0,71,0,5.99,JP,2020-06-16 19:35:29
145,Praia Da Vitoria,38.73,-27.07,68.0,77,20,9.1,PT,2020-06-16 19:35:29
146,Clyde River,70.47,-68.59,33.8,86,75,8.05,CA,2020-06-16 19:31:21
147,Grootfontein,-19.57,18.12,52.2,45,0,7.47,NA,2020-06-16 19:35:29
148,Thinadhoo,0.53,72.93,83.95,76,86,9.51,MV,2020-06-16 19:35:30
149,Dubti,11.74,41.09,96.93,24,55,15.84,ET,2020-06-16 19:35:30
150,Buluang,13.31,123.34,76.12,89,100,2.75,PH,2020-06-16 19:35:30
151,Chokurdakh,70.63,147.92,77.23,32,42,7.9,RU,2020-06-16 19:30:54
152,Coihaique,-45.58,-72.07,44.6,87,75,3.36,CL,2020-06-16 19:31:43
153,Quatre Cocos,-20.21,57.76,69.8,88,75,14.99,MU,2020-06-16 19:35:30
154,Wanning,18.8,110.4,79.23,83,21,10.6,CN,2020-06-16 19:35:31
155,Nokia,61.47,23.5,70.0,73,48,5.82,FI,2020-06-16 19:35:31
156,Khiri Mat,16.83,99.8,76.91,93,100,4.83,TH,2020-06-16 19:35:31
157,Nouadhibou,20.93,-17.03,93.2,30,2,18.34,MR,2020-06-16 19:30:56
158,Kanker,20.27,81.49,77.92,78,100,7.78,IN,2020-06-16 19:35:32
159,Tirumullaivasal,11.23,79.83,84.9,61,100,10.54,IN,2020-06-16 19:35:32
160,Geraldton,-28.77,114.6,51.8,38,0,12.75,AU,2020-06-16 19:30:50
161,Svetlaya,46.54,138.33,49.19,84,99,6.31,RU,2020-06-16 19:35:32
162,Leningradskiy,69.38,178.42,50.13,69,0,7.11,RU,2020-06-16 19:31:02
163,Mar Del Plata,-38.0,-57.56,62.01,93,90,6.93,AR,2020-06-16 19:29:17
164,Biak,-0.91,122.88,76.91,82,25,6.87,ID,2020-06-16 19:27:34
165,Palmer,42.16,-72.33,81.0,31,20,9.17,US,2020-06-16 19:35:33
166,Opuwo,-18.06,13.84,58.51,46,0,7.47,NA,2020-06-16 19:35:33
167,Pospelikha,51.95,81.77,54.82,74,100,14.74,RU,2020-06-16 19:35:33
168,Saskylakh,71.92,114.08,52.92,50,0,13.98,RU,2020-06-16 19:30:15
169,Torbay,47.67,-52.73,71.01,37,20,14.99,CA,2020-06-16 19:31:38
170,Bulaevo,54.91,70.44,53.98,77,0,3.49,KZ,2020-06-16 19:35:34
171,Mogadishu,2.04,45.34,78.89,81,100,18.99,SO,2020-06-16 19:30:25
172,Meulaboh,4.14,96.13,77.63,80,100,5.03,ID,2020-06-16 19:30:18
173,Bonfim,3.08,-59.95,88.43,58,26,2.8,BR,2020-06-16 19:35:34
174,Allapalli,19.42,80.07,77.38,89,100,5.73,IN,2020-06-16 19:35:35
175,Tiruttani,13.18,79.61,87.8,74,40,9.17,IN,2020-06-16 19:35:35
176,Chitral,35.85,71.79,69.66,24,0,7.58,PK,2020-06-16 19:35:35
177,Pangnirtung,66.15,-65.71,37.4,69,75,8.05,CA,2020-06-16 19:31:31
178,Corralillo,22.98,-80.59,83.95,71,100,10.51,CU,2020-06-16 19:35:35
179,Carutapera,-1.2,-46.02,81.68,83,70,7.07,BR,2020-06-16 19:35:36
180,Otacilio Costa,-27.48,-50.12,59.81,88,80,3.6,BR,2020-06-16 19:35:36
181,Port Elizabeth,-33.92,25.57,60.8,82,0,10.29,ZA,2020-06-16 19:31:40
182,Berlevag,70.86,29.09,41.0,75,75,18.34,NO,2020-06-16 19:30:29
183,Amahai,-3.33,128.92,80.01,96,91,3.06,ID,2020-06-16 19:35:36
184,Tessalit,20.2,1.01,99.25,8,0,6.11,ML,2020-06-16 19:31:13
185,Edd,13.93,41.69,88.45,67,100,6.49,ER,2020-06-16 19:35:37
186,Urucurituba,-2.68,-57.67,81.57,91,13,3.38,BR,2020-06-16 19:35:37
187,San Carlos Del Zulia,9.0,-71.91,90.99,58,62,1.12,VE,2020-06-16 19:35:37
188,Kapaa,22.08,-159.32,78.8,83,75,14.99,US,2020-06-16 19:30:19
189,Walvis Bay,-22.96,14.51,73.4,18,0,8.05,NA,2020-06-16 19:35:37
190,Qaanaaq,77.48,-69.36,40.41,70,0,3.4,GL,2020-06-16 19:30:26
191,Wamba,8.93,8.6,77.79,85,100,1.97,NG,2020-06-16 19:35:38
192,Broome,42.25,-75.83,78.01,42,0,1.99,US,2020-06-16 19:31:08
193,Taltal,-25.4,-70.48,59.56,74,100,3.49,CL,2020-06-16 19:35:38
194,Imbituba,-28.24,-48.67,68.0,100,75,6.93,BR,2020-06-16 19:33:04
195,Sirur,18.83,74.38,77.54,82,100,10.92,IN,2020-06-16 19:35:39
196,Taoudenni,22.68,-3.98,102.88,8,0,12.19,ML,2020-06-16 19:35:39
197,Vostok,46.49,135.88,45.52,100,94,2.17,RU,2020-06-16 19:31:16
198,Mazagao,-0.12,-51.29,86.0,84,75,11.41,BR,2020-06-16 19:35:39
199,Fort Nelson,58.81,-122.7,51.8,93,90,5.82,CA,2020-06-16 19:35:39
200,Victor Harbor,-35.57,138.62,52.0,94,58,4.23,AU,2020-06-16 19:35:40
201,Yulara,-25.24,130.99,39.2,44,0,8.05,AU,2020-06-16 19:30:38
202,Arraial Do Cabo,-22.97,-42.03,73.4,64,75,9.17,BR,2020-06-16 19:31:41
203,Andenes,69.31,16.12,46.4,75,0,13.87,NO,2020-06-16 19:35:40
204,Karratha,-20.74,116.85,69.3,46,0,5.82,AU,2020-06-16 19:35:40
205,Victoria,22.29,114.16,82.0,78,0,8.99,HK,2020-06-16 19:28:36
206,Buala,-8.14,159.59,78.85,84,100,1.12,SB,2020-06-16 19:35:41
207,Ustye,59.63,39.74,62.78,92,0,4.59,RU,2020-06-16 19:35:41
208,Tanete,-3.94,119.78,76.3,87,94,8.1,ID,2020-06-16 19:35:41
209,Malayal,7.21,121.94,80.6,94,75,1.12,PH,2020-06-16 19:35:41
210,Upernavik,72.79,-56.15,32.32,94,54,6.82,GL,2020-06-16 19:30:28
211,Whitehorse,60.72,-135.05,50.0,93,90,6.93,CA,2020-06-16 19:31:15
212,Port Alfred,-33.59,26.89,57.0,87,1,5.99,ZA,2020-06-16 19:28:35
213,Avarua,-21.21,-159.78,73.4,60,13,10.29,CK,2020-06-16 19:30:31
214,Muli,2.92,73.57,83.84,77,28,10.69,MV,2020-06-16 19:35:42
215,Maceio,-9.67,-35.74,77.0,78,75,4.7,BR,2020-06-16 19:26:14
216,Huarmey,-10.07,-78.15,69.44,66,1,11.25,PE,2020-06-16 19:35:43
217,Totskoye,52.52,52.76,61.18,74,0,2.39,RU,2020-06-16 19:35:43
218,Yankton,42.87,-97.4,91.4,36,1,28.86,US,2020-06-16 19:31:55
219,Betare Oya,5.6,14.08,70.81,88,100,2.1,CM,2020-06-16 19:35:43
220,Saint-Pierre,-21.34,55.48,69.8,73,90,17.22,RE,2020-06-16 19:35:43
221,Marawi,8.0,124.29,78.01,92,29,1.01,PH,2020-06-16 19:35:43
222,Mansa,29.98,75.38,96.8,10,0,5.86,IN,2020-06-16 19:35:44
223,Sitka,57.05,-135.33,53.6,76,75,5.82,US,2020-06-16 19:35:44
224,Makakilo City,21.35,-158.09,77.0,83,75,19.44,US,2020-06-16 19:35:44
225,East London,-33.02,27.91,60.82,70,44,9.37,ZA,2020-06-16 19:30:18
226,Tonbridge,51.19,0.28,69.01,71,9,4.0,GB,2020-06-16 19:31:56
227,Schladming,47.39,13.69,66.2,72,40,4.7,AT,2020-06-16 19:35:44
228,Saint George,37.1,-113.58,91.4,11,1,27.51,US,2020-06-16 19:29:44
229,Puerto Cabezas,14.04,-83.39,77.0,94,40,4.7,NI,2020-06-16 19:35:45
230,Quimper,48.0,-4.1,60.8,87,9,5.82,FR,2020-06-16 19:27:29
231,Lorengau,-2.02,147.27,82.45,73,92,6.17,PG,2020-06-16 19:30:36
232,Muravlenko,63.79,74.52,50.23,95,100,9.71,RU,2020-06-16 19:30:39
233,Semey,50.41,80.23,60.13,77,75,9.19,KZ,2020-06-16 19:31:05
234,Waingapu,-9.66,120.26,76.35,82,100,11.07,ID,2020-06-16 19:31:57
235,Airai,-8.93,125.41,57.11,100,80,4.38,TL,2020-06-16 19:30:17
236,Saint-Joseph,-21.37,55.62,69.8,73,90,17.22,RE,2020-06-16 19:35:46
237,Gorele,41.03,39.0,73.4,88,75,4.7,TR,2020-06-16 19:35:46
238,Lebu,-37.62,-73.65,53.1,90,100,15.95,CL,2020-06-16 19:30:33
239,Balkhash,46.84,74.98,65.53,58,0,20.18,KZ,2020-06-16 19:35:46
240,Nevsehir,38.92,34.67,69.8,46,47,6.93,TR,2020-06-16 19:35:47
241,Ouadda,8.08,22.4,71.19,90,18,3.69,CF,2020-06-16 19:35:47
242,Mackay,-21.15,149.2,66.2,88,78,9.17,AU,2020-06-16 19:35:47
243,Manokwari,-0.87,134.08,78.69,76,92,4.54,ID,2020-06-16 19:35:47
244,San Jeronimo,-11.95,-75.28,62.53,38,19,4.18,PE,2020-06-16 19:35:47
245,Port Lincoln,-34.73,135.87,53.6,73,33,3.27,AU,2020-06-16 19:35:47
246,Tezu,27.92,96.17,76.42,86,100,2.77,IN,2020-06-16 19:35:48
247,Hilo,19.73,-155.09,75.2,83,90,4.7,US,2020-06-16 19:26:45
248,Tateyama,34.98,139.87,70.0,80,11,15.75,JP,2020-06-16 19:35:48
249,Kamaishi,39.27,141.88,58.53,79,1,8.41,JP,2020-06-16 19:35:48
250,Brigantine,39.41,-74.36,71.6,56,1,21.92,US,2020-06-16 19:35:48
251,Belaya Kholunitsa,58.84,50.85,60.06,85,38,6.64,RU,2020-06-16 19:35:49
252,Gat,31.61,34.76,77.0,76,0,5.73,IL,2020-06-16 19:31:13
253,Akcaabat,41.02,39.57,73.4,88,75,4.7,TR,2020-06-16 19:35:49
254,Arlit,18.74,7.39,99.55,10,0,16.51,NE,2020-06-16 19:35:49
255,Menongue,-14.66,17.69,54.7,59,0,4.85,AO,2020-06-16 19:35:49
256,Ozernovskiy,51.5,156.52,42.96,80,65,3.67,RU,2020-06-16 19:35:49
257,Sao Gabriel Da Cachoeira,-0.13,-67.09,84.22,75,4,1.7,BR,2020-06-16 19:35:50
258,Itigi,-5.7,34.48,62.96,53,10,10.04,TZ,2020-06-16 19:35:50
259,Acapulco,16.86,-99.89,89.6,70,20,9.17,MX,2020-06-16 19:31:18
260,Gilgit,35.92,74.31,75.97,20,0,1.54,PK,2020-06-16 19:35:50
261,Iskateley,67.68,53.15,40.26,69,99,17.56,RU,2020-06-16 19:35:50
262,Mayo,38.89,-76.51,75.0,49,1,9.17,US,2020-06-16 19:35:51
263,Cortez,37.35,-108.59,84.2,17,40,21.92,US,2020-06-16 19:35:51
264,Port Blair,11.67,92.75,83.01,82,100,15.73,IN,2020-06-16 19:26:34
265,Korhogo,9.45,-5.63,85.06,54,1,6.78,CI,2020-06-16 19:35:51
266,Sola,-13.88,167.55,80.89,81,55,24.7,VU,2020-06-16 19:35:51
267,Vaitape,-16.52,-151.75,80.83,81,56,10.92,PF,2020-06-16 19:35:51
268,Cabedelo,-6.98,-34.83,78.8,83,75,12.75,BR,2020-06-16 19:31:47
269,Nanortalik,60.14,-45.24,39.45,85,98,11.39,GL,2020-06-16 19:30:27
270,Nurota,40.56,65.69,75.2,23,30,9.17,UZ,2020-06-16 19:35:52
271,Faanui,-16.48,-151.75,79.66,82,91,10.74,PF,2020-06-16 19:31:12
272,Jiuquan,39.74,98.52,68.83,24,0,7.05,CN,2020-06-16 19:35:52
273,Hervey Bay,-25.3,152.85,64.0,94,42,5.99,AU,2020-06-16 19:35:52
274,Vao,-22.67,167.48,73.29,81,82,20.29,NC,2020-06-16 19:31:31
275,Kuremaa,58.74,26.54,69.8,77,36,2.24,EE,2020-06-16 19:35:53
276,Marystown,47.17,-55.15,55.6,62,78,16.24,CA,2020-06-16 19:35:53
277,Skovorodino,53.98,123.92,46.54,79,0,3.13,RU,2020-06-16 19:35:53
278,Locri,38.24,16.26,72.0,68,20,10.29,IT,2020-06-16 19:35:53
279,Antofagasta,-23.65,-70.4,62.6,63,20,10.29,CL,2020-06-16 19:29:26
280,Paris,48.85,2.35,71.01,72,100,10.29,FR,2020-06-16 19:35:04
281,Baglung,28.27,83.59,71.65,78,99,3.71,NP,2020-06-16 19:35:54
282,Kyaukse,21.6,96.13,80.13,76,100,10.13,MM,2020-06-16 19:35:54
283,Isangel,-19.55,169.27,74.08,80,2,13.47,VU,2020-06-16 19:31:20
284,Margate,51.38,1.39,63.0,78,0,1.99,GB,2020-06-16 19:35:55
285,Codrington,-38.27,141.97,49.95,66,100,4.56,AU,2020-06-16 19:26:36
286,Quang Ngai,15.12,108.8,76.42,86,100,7.23,VN,2020-06-16 19:31:48
287,San Quintin,30.48,-115.95,68.59,63,34,10.83,MX,2020-06-16 19:27:16
288,Shimoda,34.67,138.95,64.0,85,0,11.68,JP,2020-06-16 19:30:40
289,Leh,34.17,77.58,53.74,40,0,4.65,IN,2020-06-16 19:31:23
290,Tabuk,17.42,121.44,74.66,85,53,3.74,PH,2020-06-16 19:35:56
291,Garden City,42.33,-83.33,82.99,41,40,4.7,US,2020-06-16 19:32:49
292,Alice Springs,-23.7,133.88,33.8,50,0,8.68,AU,2020-06-16 19:27:26
293,Saldanha,-33.01,17.94,55.4,62,0,4.7,ZA,2020-06-16 19:30:25
294,Hualmay,-11.1,-77.61,68.41,67,5,11.32,PE,2020-06-16 19:35:57
295,Ancud,-41.87,-73.82,55.0,81,40,9.17,CL,2020-06-16 19:35:38
296,Launceston,-41.45,147.17,37.4,82,0,11.41,AU,2020-06-16 19:34:11
297,Alamos,27.02,-108.93,98.01,30,0,5.99,MX,2020-06-16 19:35:57
298,Diapaga,12.07,1.79,97.36,23,34,4.72,BF,2020-06-16 19:35:57
299,Dormidontovka,47.77,134.91,49.44,92,100,7.0,RU,2020-06-16 19:35:58
300,Kisanga,-7.44,37.7,72.37,56,48,3.85,TZ,2020-06-16 19:35:58
301,Tiksi,71.69,128.87,49.66,63,11,9.17,RU,2020-06-16 19:26:44
302,Butaritari,3.07,172.79,83.14,79,0,14.05,KI,2020-06-16 19:30:30
303,Narsaq,60.92,-46.05,42.8,81,75,8.05,GL,2020-06-16 19:30:34
304,Deputatskiy,69.3,139.9,64.67,48,87,6.08,RU,2020-06-16 19:35:59
305,Birao,10.28,22.79,81.77,59,93,9.62,CF,2020-06-16 19:35:59
306,Kalat,29.02,66.59,70.48,20,0,4.45,PK,2020-06-16 19:35:59
307,Mindelo,16.89,-24.98,84.2,62,75,11.41,CV,2020-06-16 19:35:59
308,Kawalu,-7.38,108.21,72.39,92,90,1.14,ID,2020-06-16 19:35:59
309,Hostotipaquillo,21.07,-104.07,91.0,35,2,0.92,MX,2020-06-16 19:35:59
310,Sinaloa,25.0,-107.5,97.0,36,0,5.01,MX,2020-06-16 19:36:00
311,Coahuayana,18.73,-103.68,86.0,62,40,11.41,MX,2020-06-16 19:32:13
312,College,64.86,-147.8,69.01,60,75,2.59,US,2020-06-16 19:36:00
313,Skjervoy,70.03,20.97,46.4,75,20,6.93,NO,2020-06-16 19:36:00
314,Jingdezhen,29.29,117.21,76.96,88,83,3.31,CN,2020-06-16 19:36:00
315,Kudahuvadhoo,2.67,72.89,83.8,76,1,8.75,MV,2020-06-16 19:36:00
316,Lagoa,39.05,-27.98,64.99,85,3,12.19,PT,2020-06-16 19:36:01
317,Ponta Do Sol,32.67,-17.1,69.8,94,75,5.82,PT,2020-06-16 19:30:19
318,Gamba,-2.65,10.0,73.78,89,100,4.63,GA,2020-06-16 19:36:01
319,Aguimes,27.91,-15.45,77.0,53,85,24.16,ES,2020-06-16 19:36:01
320,Poli,-3.33,36.8,71.6,77,40,5.82,TZ,2020-06-16 19:36:01
321,Tagab,34.85,69.65,77.0,13,1,12.75,AF,2020-06-16 19:36:02
322,Belyy Yar,53.6,91.39,51.8,81,0,2.24,RU,2020-06-16 19:36:02
323,Olafsvik,64.89,-23.71,47.1,74,75,7.85,IS,2020-06-16 19:31:41
324,Kavaratti,10.57,72.64,84.6,78,100,19.26,IN,2020-06-16 19:26:42
325,Okitipupa,6.5,4.78,76.53,97,100,3.8,NG,2020-06-16 19:36:02
326,Kaohsiung,22.62,120.31,82.99,74,20,3.36,TW,2020-06-16 19:36:03
327,Belaya Gora,68.53,146.42,75.6,34,0,6.06,RU,2020-06-16 19:36:03
328,Nantucket,41.28,-70.1,68.0,56,1,16.11,US,2020-06-16 19:27:19
329,Eresos,39.17,25.93,77.0,61,0,6.93,GR,2020-06-16 19:36:03
330,Thompson,55.74,-97.86,77.0,33,75,13.87,CA,2020-06-16 19:30:47
331,Neiafu,-18.65,-173.98,73.4,78,75,6.93,TO,2020-06-16 19:31:27
332,Xiaoweizhai,26.19,107.51,71.28,91,100,8.84,CN,2020-06-16 19:36:04
333,Yeppoon,-23.13,150.73,59.0,93,40,13.49,AU,2020-06-16 19:36:04
334,Mount Gambier,-37.83,140.77,44.6,100,90,0.98,AU,2020-06-16 19:30:43
335,Fernandez,-27.92,-63.89,84.97,45,100,16.33,AR,2020-06-16 19:36:05
336,Liverpool,53.41,-2.98,61.0,87,100,13.87,GB,2020-06-16 19:32:17
337,San Andres,12.58,-81.7,84.2,83,75,11.41,CO,2020-06-16 19:32:02
338,The Pas,53.83,-101.25,80.6,26,20,10.29,CA,2020-06-16 19:36:05
339,Bendigo,-36.77,144.28,41.0,61,94,3.91,AU,2020-06-16 19:36:05
340,Rio Grande,-32.03,-52.1,69.8,77,0,13.87,BR,2020-06-16 19:35:24
341,Antsohihy,-14.88,47.99,74.44,57,69,10.4,MG,2020-06-16 19:36:06
342,Kavieng,-2.57,150.8,84.0,70,74,10.09,PG,2020-06-16 19:30:15
343,Yerbogachen,61.28,108.01,45.63,73,79,2.57,RU,2020-06-16 19:31:11
344,Atagay,55.1,99.39,44.58,92,68,1.92,RU,2020-06-16 19:36:06
345,Krasnoarmeysk,51.02,45.7,59.77,70,0,4.59,RU,2020-06-16 19:36:06
346,Namatanai,-3.67,152.43,79.72,80,61,5.35,PG,2020-06-16 19:31:04
347,Srednekolymsk,67.45,153.68,73.63,43,99,6.46,RU,2020-06-16 19:31:12
348,Yatou,37.15,122.38,68.97,72,100,5.59,CN,2020-06-16 19:36:07
349,Tolaga Bay,-38.37,178.3,50.31,79,59,4.65,NZ,2020-06-16 19:36:07
350,Norman Wells,65.28,-126.83,64.4,59,20,19.46,CA,2020-06-16 19:31:59
351,Shingu,33.73,135.98,66.25,67,71,4.88,JP,2020-06-16 19:36:08
352,Sur,22.57,59.53,88.9,57,1,15.17,OM,2020-06-16 19:30:57
353,Haines Junction,60.75,-137.51,61.18,47,100,4.27,CA,2020-06-16 19:31:01
354,Caravelas,-17.71,-39.25,72.59,88,52,11.43,BR,2020-06-16 19:31:13
355,Naro Moru,-0.17,37.02,54.91,94,93,6.44,KE,2020-06-16 19:36:08
356,Viedma,-40.81,-63.0,54.03,50,100,7.25,AR,2020-06-16 19:32:14
357,Odweyne,9.41,45.06,75.2,54,82,13.78,SO,2020-06-16 19:36:09
358,Bagan,54.1,77.66,49.14,89,7,8.14,RU,2020-06-16 19:36:09
359,Macomer,40.26,8.77,69.8,68,0,3.36,IT,2020-06-16 19:36:09
360,Sahuaripa,29.05,-109.23,101.08,22,0,4.7,MX,2020-06-16 19:36:09
361,Noumea,-22.28,166.46,59.0,93,0,1.12,NC,2020-06-16 19:36:09
362,Puerto Colombia,10.99,-74.95,93.2,63,75,6.93,CO,2020-06-16 19:36:06
363,Pisco,-13.7,-76.22,66.2,77,40,6.93,PE,2020-06-16 19:30:43
364,Verkhnevilyuysk,63.45,120.32,59.25,76,71,7.02,RU,2020-06-16 19:36:10
365,Maltahohe,-24.83,16.98,47.26,38,0,11.99,NA,2020-06-16 19:36:10
366,Shawinigan,46.57,-72.75,80.6,24,1,17.22,CA,2020-06-16 19:34:49
367,Paamiut,61.99,-49.67,37.45,78,13,0.83,GL,2020-06-16 19:31:45
368,Baculin,7.45,126.58,78.84,75,66,3.44,PH,2020-06-16 19:36:11
369,Kupang,-10.17,123.58,77.29,75,100,10.85,ID,2020-06-16 19:27:39
370,Kahului,20.89,-156.47,82.4,65,40,19.46,US,2020-06-16 19:34:05
371,Kindu,-2.95,25.95,71.62,64,85,1.3,CD,2020-06-16 19:36:11
372,Matara,5.95,80.54,80.11,89,100,8.88,LK,2020-06-16 19:36:11
373,Arrah,25.57,84.67,82.4,100,40,4.7,IN,2020-06-16 19:36:12
374,Kisangani,0.52,25.2,74.43,74,20,0.92,CD,2020-06-16 19:36:12
375,Terre-De-Bas,15.85,-61.64,89.6,58,75,14.99,GP,2020-06-16 19:36:12
376,Vestmannaeyjar,63.44,-20.27,50.0,76,75,13.87,IS,2020-06-16 19:36:12
377,Mokhsogollokh,61.47,128.92,55.04,79,0,2.64,RU,2020-06-16 19:36:12
378,Nizwa,22.93,57.53,90.48,32,25,5.3,OM,2020-06-16 19:36:12
379,Vegachi,6.76,-74.79,83.79,51,7,5.1,CO,2020-06-16 19:36:13
380,Chekhov,55.14,37.47,73.0,68,38,6.71,RU,2020-06-16 19:36:13
381,Eldorado,-23.79,-54.28,74.08,71,0,7.47,BR,2020-06-16 19:36:13
382,Benguela,-12.58,13.41,70.23,81,0,3.42,AO,2020-06-16 19:36:13
383,Mandera,3.94,41.87,82.85,49,100,17.25,KE,2020-06-16 19:36:13
384,Bonoua,5.27,-3.6,82.4,88,40,10.29,CI,2020-06-16 19:36:14
385,Takapau,-40.03,176.35,55.0,76,66,3.02,NZ,2020-06-16 19:36:14
386,Siwana,25.63,72.42,93.38,48,84,18.45,IN,2020-06-16 19:36:14
387,Vila Velha,-20.33,-40.29,73.99,78,75,12.75,BR,2020-06-16 19:36:14
388,Temnikov,54.63,43.21,62.74,80,73,6.02,RU,2020-06-16 19:36:14
389,Dikson,73.51,80.55,32.22,94,100,14.36,RU,2020-06-16 19:30:41
390,Lovozero,68.0,35.01,46.27,56,99,7.36,RU,2020-06-16 19:36:15
391,Soc Trang,9.6,105.98,77.0,100,40,1.12,VN,2020-06-16 19:36:15
392,Pueblo Nuevo,23.38,-105.38,83.48,32,13,7.49,MX,2020-06-16 19:36:15
393,Bull Savanna,17.89,-77.59,83.77,71,47,15.73,JM,2020-06-16 19:36:15
394,Camana,-16.62,-72.71,65.1,71,65,5.23,PE,2020-06-16 19:32:11
395,Bose,45.46,8.01,64.99,86,100,4.88,IT,2020-06-16 19:36:16
396,Langsa,4.47,97.97,74.55,95,48,2.62,ID,2020-06-16 19:36:16
397,Kodinar,20.79,70.7,84.81,82,97,8.75,IN,2020-06-16 19:36:16
398,Labuhan Deli,3.73,98.67,77.0,94,40,5.82,ID,2020-06-16 19:36:16
399,Pandhana,21.7,76.22,83.73,66,99,8.57,IN,2020-06-16 19:36:17
400,Zell Am See,47.33,12.79,64.0,90,100,1.01,AT,2020-06-16 19:36:17
401,Saint-Augustin,51.23,-58.65,67.96,42,99,16.06,CA,2020-06-16 19:36:17
402,Kavali,14.92,79.98,88.77,59,100,3.36,IN,2020-06-16 19:36:17
403,Tautira,-17.73,-149.15,82.4,74,40,16.11,PF,2020-06-16 19:32:04
404,Port Hardy,50.7,-127.42,60.8,63,20,10.29,CA,2020-06-16 19:31:45
405,Sobolevo,54.43,31.9,64.63,85,68,7.31,RU,2020-06-16 19:31:58
406,Lagos,6.58,3.75,82.4,83,40,3.36,NG,2020-06-16 19:36:18
407,Akyab,20.15,92.9,83.28,84,100,17.85,MM,2020-06-16 19:36:18
408,Magalia,39.81,-121.58,77.0,31,40,11.41,US,2020-06-16 19:36:18
409,Bethalto,38.91,-90.04,84.0,47,40,9.17,US,2020-06-16 19:36:18
410,Ontario,34.06,-117.65,78.01,53,20,5.82,US,2020-06-16 19:36:19
411,Malko Tarnovo,41.98,27.53,68.0,94,42,5.82,BG,2020-06-16 19:36:19
412,Tevriz,57.51,72.4,55.67,92,49,5.75,RU,2020-06-16 19:36:19
413,Acatlan,20.15,-98.45,72.07,39,0,9.86,MX,2020-06-16 19:36:19
414,Cuamba,-14.8,36.54,59.09,79,0,8.05,MZ,2020-06-16 19:36:19
415,Vanimo,-2.67,141.3,77.94,83,37,3.02,PG,2020-06-16 19:31:55
416,Porterville,36.07,-119.02,80.01,34,1,6.93,US,2020-06-16 19:31:56
417,Wum,6.38,10.07,66.13,95,100,1.63,CM,2020-06-16 19:36:20
418,Tomisato,35.73,140.34,70.0,93,20,6.93,JP,2020-06-16 19:36:20
419,Rock Sound,24.9,-76.2,80.49,75,100,6.35,BS,2020-06-16 19:36:20
420,Roma,43.21,-75.46,79.0,34,1,4.7,US,2020-06-16 19:32:03
421,Comodoro Rivadavia,-45.87,-67.5,59.0,41,0,23.04,AR,2020-06-16 19:34:24
422,Iqaluit,63.75,-68.51,41.0,65,75,10.29,CA,2020-06-16 19:26:33
423,Teahupoo,-17.83,-149.27,82.4,74,40,16.11,PF,2020-06-16 19:36:21
424,Jiaojiang,28.68,121.44,80.01,97,95,1.41,CN,2020-06-16 19:36:21
425,Pochutla,15.74,-96.47,89.67,59,46,8.34,MX,2020-06-16 19:36:21
426,Hit,33.64,42.83,89.19,14,0,9.98,IQ,2020-06-16 19:27:15
427,Contamana,-7.33,-75.02,89.53,48,70,2.06,PE,2020-06-16 19:36:22
428,Harper,4.38,-7.72,78.37,86,97,10.83,LR,2020-06-16 19:36:22
429,Nagorsk,59.32,50.81,59.05,88,60,6.53,RU,2020-06-16 19:36:22
430,Mishan,45.55,131.88,56.46,97,100,4.5,CN,2020-06-16 19:36:22
431,Martapura,-3.42,114.85,74.25,95,1,2.37,ID,2020-06-16 19:36:22
432,Koosa,58.53,27.08,69.8,77,0,2.24,EE,2020-06-16 19:36:22
433,Timbiqui,2.77,-77.67,80.96,87,100,9.22,CO,2020-06-16 19:36:23
434,Qeshm,26.96,56.27,91.4,75,0,4.7,IR,2020-06-16 19:36:23
435,Groa,62.65,8.72,64.4,72,92,12.75,NO,2020-06-16 19:36:23
436,Ilulissat,69.22,-51.1,42.8,70,75,6.93,GL,2020-06-16 19:30:56
437,Unity,52.45,-109.17,71.01,44,90,4.0,CA,2020-06-16 19:36:23
438,Gravdal,68.12,13.5,53.6,62,0,12.75,NO,2020-06-16 19:36:24
439,Petropavlovsk-Kamchatskiy,53.05,158.65,41.0,100,90,2.24,RU,2020-06-16 19:36:24
440,San Patricio,19.22,-104.7,86.0,70,40,11.41,MX,2020-06-16 19:30:58
441,Abeche,13.83,20.83,87.21,25,53,2.3,TD,2020-06-16 19:36:24
442,Tarauaca,-8.16,-70.77,88.38,49,69,3.13,BR,2020-06-16 19:36:25
443,Bintulu,3.17,113.03,78.8,94,75,3.36,MY,2020-06-16 19:31:54
444,Samana,19.21,-69.34,89.6,70,20,9.17,DO,2020-06-16 19:36:25
445,Ust-Kuyga,70.02,135.6,66.61,52,97,1.45,RU,2020-06-16 19:36:25
446,Carbonia,39.17,8.52,75.2,60,20,10.29,IT,2020-06-16 19:36:25
447,Abha,18.22,42.51,77.0,28,5,4.7,SA,2020-06-16 19:36:25
448,Jawhar,2.78,45.5,76.14,79,100,13.89,SO,2020-06-16 19:36:26
449,Vamvakofiton,41.18,23.4,73.0,70,90,1.99,GR,2020-06-16 19:36:26
450,Tshikapa,-6.42,20.8,71.02,35,0,1.68,CD,2020-06-16 19:36:26
451,Bom Jesus Da Lapa,-13.26,-43.42,82.4,51,20,14.99,BR,2020-06-16 19:36:26
452,Havre,49.58,0.33,64.4,72,99,3.36,FR,2020-06-16 19:36:26
453,Ketchikan,55.34,-131.65,57.34,67,85,2.19,US,2020-06-16 19:36:27
454,Jand,33.43,72.02,91.47,11,0,1.59,PK,2020-06-16 19:36:27
455,Binzhou,37.37,118.02,72.14,62,100,3.69,CN,2020-06-16 19:36:27
456,Nyagan,62.14,65.39,56.52,96,62,2.55,RU,2020-06-16 19:36:27
457,Dalmatovo,56.26,62.94,60.3,71,58,7.27,RU,2020-06-16 19:36:27
458,Coracora,-15.03,-73.78,59.27,40,0,8.39,PE,2020-06-16 19:36:27
459,Nuuk,64.18,-51.72,37.4,85,75,12.75,GL,2020-06-16 19:36:28
460,Star Dojran,41.19,22.72,75.0,78,16,8.01,MK,2020-06-16 19:36:28
461,Hermiston,45.84,-119.29,69.01,40,40,11.41,US,2020-06-16 19:36:28
462,Yeniseysk,58.45,92.17,42.06,93,23,1.83,RU,2020-06-16 19:36:28
463,Hobyo,5.35,48.53,81.36,68,94,25.32,SO,2020-06-16 19:30:41
464,Casper,42.87,-106.31,78.01,13,1,29.97,US,2020-06-16 19:34:39
465,Gorontalo,0.54,123.06,74.5,85,0,2.08,ID,2020-06-16 19:32:04
466,Auki,-8.77,160.7,79.0,84,98,4.23,SB,2020-06-16 19:36:29
467,Harnosand,62.63,17.94,64.4,48,53,5.82,SE,2020-06-16 19:34:22
468,Luderitz,-26.65,15.16,75.2,9,0,13.87,NA,2020-06-16 19:30:39
469,Luwingu,-10.26,29.93,55.15,64,2,4.92,ZM,2020-06-16 19:34:04
470,Santa Cruz,-17.8,-63.17,84.2,54,75,18.34,BO,2020-06-16 19:31:48
471,Rypefjord,70.63,23.67,41.0,80,75,21.92,NO,2020-06-16 19:36:30
472,Manhumirim,-20.36,-41.96,65.28,82,58,3.83,BR,2020-06-16 19:36:30
473,Labrea,-7.26,-64.8,88.66,55,94,2.3,BR,2020-06-16 19:36:30
474,Bilibino,68.05,166.44,69.94,35,14,1.88,RU,2020-06-16 19:32:07
475,Katherine,-14.47,132.27,64.4,36,0,10.29,AU,2020-06-16 19:36:30
476,Tomatlan,19.93,-105.25,91.51,45,8,9.89,MX,2020-06-16 19:31:53
477,Soubre,5.79,-6.61,76.03,94,41,4.16,CI,2020-06-16 19:36:31
478,Kysyl-Syr,63.9,122.76,60.19,85,19,4.16,RU,2020-06-16 19:36:31
479,Bengkulu,-3.8,102.27,77.07,88,97,5.86,ID,2020-06-16 19:31:27
480,Sirohi,24.88,72.87,90.68,51,59,16.35,IN,2020-06-16 19:36:31
481,Galesong,-5.32,119.37,77.0,100,20,2.24,ID,2020-06-16 19:31:42
482,Houma,29.6,-90.72,91.0,55,75,10.29,US,2020-06-16 19:29:53
483,Aklavik,68.22,-135.01,62.6,45,90,6.93,CA,2020-06-16 19:30:20
484,Pocone,-16.26,-56.62,90.36,38,0,4.12,BR,2020-06-16 19:36:32
485,Tottori,35.5,134.23,59.94,82,0,3.69,JP,2020-06-16 19:36:32
486,Saposoa,-6.93,-76.77,87.8,55,40,3.36,PE,2020-06-16 19:36:32
487,Russell,32.35,-85.2,77.0,50,40,10.29,US,2020-06-16 19:36:33
488,Kavalerovo,44.27,135.06,48.49,91,100,3.96,RU,2020-06-16 19:36:33
489,San Clemente,33.43,-117.61,73.99,73,12,1.99,US,2020-06-16 19:35:28
490,Fairmont,39.49,-80.14,75.99,49,93,7.29,US,2020-06-16 19:36:20
491,Avera,33.19,-82.53,69.8,68,90,9.17,US,2020-06-16 19:31:20
492,Mankato,44.16,-94.0,89.6,40,1,13.87,US,2020-06-16 19:36:34
493,Ivanivka,46.72,34.55,67.05,83,12,6.78,UA,2020-06-16 19:36:34
494,Beringovskiy,63.05,179.32,45.93,74,90,1.77,RU,2020-06-16 19:30:15
495,Piacabucu,-10.41,-36.43,76.42,84,16,9.17,BR,2020-06-16 19:36:34
496,Vrangel,42.73,133.08,53.87,91,15,10.83,RU,2020-06-16 19:36:34
497,Putina,-15.47,-69.43,51.26,52,100,5.66,PE,2020-06-16 19:36:35
498,Formosa Do Rio Preto,-11.05,-45.19,79.39,53,0,4.34,BR,2020-06-16 19:36:35
499,Khuzhir,53.19,107.34,47.41,76,0,8.68,RU,2020-06-16 19:36:35
500,Marolambo,-20.05,48.12,61.72,94,92,0.94,MG,2020-06-16 19:36:35
501,Denpasar,-8.65,115.22,80.6,100,40,10.29,ID,2020-06-16 19:36:35
502,Werda,-25.27,23.28,49.23,70,0,17.16,BW,2020-06-16 19:36:36
503,Labuhan,-6.88,112.21,77.29,84,0,6.42,ID,2020-06-16 19:30:24
504,Radhan,27.18,67.95,100.38,25,3,17.58,PK,2020-06-16 19:36:36
505,Barcelos,41.54,-8.62,64.0,77,20,8.05,PT,2020-06-16 19:36:36
506,Sistranda,63.73,8.83,68.0,68,20,6.93,NO,2020-06-16 19:36:36
507,Tsarychanka,48.94,34.48,65.5,88,100,9.71,UA,2020-06-16 19:36:37
508,Mehamn,71.04,27.85,42.8,75,75,11.41,NO,2020-06-16 19:31:39
509,Jiwani,25.05,61.74,85.37,85,99,8.95,PK,2020-06-16 19:36:37
510,Poum,-20.23,164.02,73.26,76,0,12.15,NC,2020-06-16 19:30:30
511,Nalut,30.33,10.85,77.0,18,0,2.24,LY,2020-06-16 19:32:12
512,Nemuro,43.32,145.57,54.05,99,100,8.77,JP,2020-06-16 19:27:34
513,Sale,34.04,-6.82,70.0,73,40,10.29,MA,2020-06-16 19:32:45
514,Bowen,-20.02,148.23,70.0,88,75,13.35,AU,2020-06-16 19:36:38
515,Saint-Francois,46.42,3.91,61.0,63,80,8.05,FR,2020-06-16 19:36:38
516,Bathsheba,13.22,-59.52,86.0,70,40,16.11,BB,2020-06-16 19:30:39
517,Puerto Escondido,15.85,-97.07,88.27,61,1,7.14,MX,2020-06-16 19:36:38
518,Ngawi,-7.4,111.45,73.87,86,16,3.96,ID,2020-06-16 19:36:39
519,Puerto Madero,14.72,-92.42,89.6,70,75,5.82,MX,2020-06-16 19:36:39
520,Polovinnoye,54.79,65.99,57.29,76,0,4.63,RU,2020-06-16 19:36:39
521,Ust-Kalmanka,52.12,83.31,53.06,75,84,12.57,RU,2020-06-16 19:36:39
522,Doha,25.29,51.53,104.0,13,0,11.41,QA,2020-06-16 19:36:39
523,Atasu,48.68,71.64,55.45,71,98,26.55,KZ,2020-06-16 19:36:40
524,Santiago Del Estero,-27.8,-64.26,82.13,49,100,12.12,AR,2020-06-16 19:36:40
525,Cedar City,37.68,-113.06,80.6,18,1,29.97,US,2020-06-16 19:33:01
526,Vila Franca Do Campo,37.72,-25.43,68.0,72,20,16.11,PT,2020-06-16 19:27:07
527,Fortuna,40.6,-124.16,64.0,67,75,12.75,US,2020-06-16 19:30:17
528,Constitucion,-35.33,-72.42,55.54,92,100,13.0,CL,2020-06-16 19:30:30
529,Shenjiamen,29.96,122.3,75.13,98,100,8.48,CN,2020-06-16 19:36:41
530,Atambua,-9.11,124.89,70.36,89,98,5.37,ID,2020-06-16 19:36:41
531,Sandwick,60.0,-1.25,53.6,100,0,4.7,GB,2020-06-16 19:36:41
532,Safranbolu,41.25,32.69,62.2,78,0,2.19,TR,2020-06-16 19:36:41
533,Panzhihua,26.59,101.71,77.16,67,100,3.51,CN,2020-06-16 19:36:41
534,Perleberg,53.07,11.87,70.0,75,16,1.01,DE,2020-06-16 19:36:41
535,Mughal Sarai,25.3,83.12,80.6,88,40,5.82,IN,2020-06-16 19:36:42
536,Naze,28.37,129.48,77.0,94,75,13.87,JP,2020-06-16 19:36:42
537,Richards Bay,-28.78,32.04,58.73,86,73,2.84,ZA,2020-06-16 19:27:07
538,Tingi,-11.3,35.03,55.11,88,35,0.47,TZ,2020-06-16 19:36:42
539,Seminole,28.71,-81.21,89.01,48,75,8.05,US,2020-06-16 19:36:43
540,Konstantinovka,49.62,127.98,53.76,93,88,8.95,RU,2020-06-16 19:36:43
541,Kasongo,-4.45,26.67,72.84,46,0,2.66,CD,2020-06-16 19:36:43
542,Kulhudhuffushi,6.62,73.07,84.29,79,93,15.5,MV,2020-06-16 19:36:43
543,Dalnerechensk,45.93,133.72,54.25,97,100,8.08,RU,2020-06-16 19:36:43
544,Pokosnoye,55.53,101.05,45.12,92,40,4.03,RU,2020-06-16 19:36:44
545,Maragogi,-9.01,-35.22,76.77,80,7,9.78,BR,2020-06-16 19:36:44
546,Lima,-12.04,-77.03,69.8,64,23,9.17,PE,2020-06-16 19:32:28
547,Banda Aceh,5.56,95.32,81.73,64,100,6.85,ID,2020-06-16 19:36:44
548,Shitanjing,39.23,106.34,61.0,68,100,6.96,CN,2020-06-16 19:36:44
549,Amarastii De Jos,43.95,24.17,68.0,88,92,1.12,RO,2020-06-16 19:36:44
550,Punta Alta,-38.88,-62.07,54.72,64,100,0.89,AR,2020-06-16 19:36:45
551,Stornoway,58.21,-6.39,55.4,93,100,8.05,GB,2020-06-16 19:36:45
552,Shemgang,27.22,90.66,64.26,87,100,0.54,BT,2020-06-16 19:36:45
553,Tura,25.52,90.22,74.8,98,100,6.2,IN,2020-06-16 19:27:00
554,Faya,18.39,42.45,77.0,30,5,4.7,SA,2020-06-16 19:26:55
555,Goundam,16.41,-3.67,105.03,7,0,10.02,ML,2020-06-16 19:36:46
556,Yenagoa,4.92,6.26,76.55,93,100,5.21,NG,2020-06-16 19:36:46
557,Coos Bay,43.37,-124.22,60.01,82,90,10.29,US,2020-06-16 19:36:46
558,Marathon,44.9,-89.77,80.6,28,1,10.29,US,2020-06-16 19:36:46
559,Kuching,1.55,110.33,75.2,94,20,1.12,MY,2020-06-16 19:36:46
560,Kondinskoye,59.65,67.41,62.46,69,14,9.93,RU,2020-06-16 19:36:46
561,Atar,20.52,-13.05,93.2,36,96,27.51,MR,2020-06-16 19:31:55
562,Sendafa,9.15,39.03,62.6,72,75,6.93,ET,2020-06-16 19:36:47
563,Ahuimanu,21.44,-157.84,86.0,58,90,12.75,US,2020-06-16 19:36:47
564,Beloretsk,53.96,58.4,62.6,48,40,2.24,RU,2020-06-16 19:36:47
565,Padang,-0.95,100.35,78.53,78,73,4.81,ID,2020-06-16 19:33:53
566,Khvorostyanka,52.61,48.96,62.35,70,82,2.15,RU,2020-06-16 19:36:48
567,Tazovskiy,67.47,78.7,37.71,74,68,9.82,RU,2020-06-16 19:36:48
568,Ilhabela,-23.78,-45.36,69.82,82,30,11.74,BR,2020-06-16 19:31:07
569,Omboue,-1.57,9.26,73.42,91,70,6.98,GA,2020-06-16 19:31:44
570,Akcakoca,41.09,31.12,71.04,73,0,5.32,TR,2020-06-16 19:36:48
571,Izazi,-7.2,35.73,60.8,48,5,14.99,TZ,2020-06-16 19:36:49
572,Los Andes,-32.83,-70.6,59.0,99,100,3.42,CL,2020-06-16 19:36:49
573,Santiago,-33.46,-70.65,57.2,66,75,4.12,CL,2020-06-16 19:36:49
574,Monte Patria,-30.69,-70.95,64.69,41,0,2.37,CL,2020-06-16 19:36:49
575,Champerico,14.3,-91.92,89.6,70,40,9.17,GT,2020-06-16 19:36:49
576,Micheweni,-4.97,39.83,77.45,69,88,15.1,TZ,2020-06-16 19:30:35
577,Half Moon Bay,37.46,-122.43,70.0,77,40,14.99,US,2020-06-16 19:30:13
578,Japura,-0.32,102.35,74.3,95,18,1.3,ID,2020-06-16 19:30:14
579,Terra Santa,-2.1,-56.49,82.87,83,57,2.84,BR,2020-06-16 19:36:50
580,Kungurtug,50.6,97.52,45.81,65,54,0.02,RU,2020-06-16 19:36:50
581,Aden,12.78,45.04,89.64,59,100,4.05,YE,2020-06-16 19:32:41
582,Trincomalee,8.57,81.23,83.41,75,100,19.3,LK,2020-06-16 19:36:51
583,Port Moresby,-9.44,147.18,78.8,88,75,17.22,PG,2020-06-16 19:36:51
584,Tucuman,-26.82,-65.22,73.4,43,10,8.05,AR,2020-06-16 19:36:51
585,Qiqihar,47.34,123.97,56.79,92,0,8.66,CN,2020-06-16 19:36:51
586,Araouane,18.9,-3.53,103.53,8,4,5.14,ML,2020-06-16 19:36:51
587,Salinopolis,-0.61,-47.36,81.82,84,76,10.16,BR,2020-06-16 19:36:52
588,Tari,12.41,4.49,97.99,29,60,7.58,NG,2020-06-16 19:31:56
589,Yar-Sale,66.83,70.83,43.07,63,98,5.75,RU,2020-06-16 19:30:40
590,Zhangye,38.93,100.45,68.9,33,100,6.02,CN,2020-06-16 19:36:53
591,Port Macquarie,-31.43,152.92,48.2,93,1,6.93,AU,2020-06-16 19:28:21
592,Malindi,-3.22,40.12,80.6,78,20,18.34,KE,2020-06-16 19:36:53
593,Salalah,17.02,54.09,84.2,89,75,6.93,OM,2020-06-16 19:31:33
594,Kijang,35.24,129.21,66.2,63,100,6.93,KR,2020-06-16 19:30:47
595,Gizo,-8.1,156.84,81.19,75,82,2.15,SB,2020-06-16 19:36:53
596,Disraeli,45.9,-71.35,80.01,29,4,5.99,CA,2020-06-16 19:36:54
597,Boende,-0.22,20.87,75.92,65,43,1.39,CD,2020-06-16 19:36:54
598,Kropotkin,45.44,40.58,72.0,74,69,4.34,RU,2020-06-16 19:35:46
599,Egvekinot,66.32,-179.17,57.16,43,0,0.43,RU,2020-06-16 19:30:42
600,Nagpur,21.15,79.1,75.2,94,75,4.7,IN,2020-06-16 19:36:54
601,Monterey,36.25,-121.25,73.0,17,0,8.01,US,2020-06-16 19:36:55
602,Kuah,6.33,99.84,77.0,94,20,3.15,MY,2020-06-16 19:36:55
603,Cururupu,-1.83,-44.87,83.03,71,1,4.99,BR,2020-06-16 19:36:55
